<?xml version="1.0"?>
<!DOCTYPE hibernate-mapping PUBLIC "-//Hibernate/Hibernate Mapping DTD//EN" "http://hibernate.sourceforge.net/hibernate-mapping-3.0.dtd" >
<hibernate-mapping package="foo.core.entity">
	<class name="Config" table="jo_config">
		<meta attribute="sync-DAO">false</meta>
		<id name="id" type="string" column="cfg_key"><generator class="assigned"/></id>
		<property name="value" column="cfg_value" type="string" not-null="false" length="255"/>
	</class>
</hibernate-mapping>